{
  "train_accuracy": [
    0.7273958333333334,
    0.9014583333333334,
    0.9165625,
    0.9232291666666667,
    0.9355208333333334,
    0.9370833333333334,
    0.9451041666666666,
    0.9530208333333333,
    0.95375,
    0.953125
  ],
  "train_precision": [
    0.7275075531424082,
    0.9014783315935126,
    0.9167082008719812,
    0.9232696100058022,
    0.9356238403944868,
    0.9371269930184782,
    0.9451350379673791,
    0.9530502814929719,
    0.9537905128779611,
    0.9531700126518998
  ],
  "train_recall": [
    0.7273958333333334,
    0.9014583333333334,
    0.9165625,
    0.9232291666666667,
    0.9355208333333334,
    0.9370833333333334,
    0.9451041666666666,
    0.9530208333333333,
    0.95375,
    0.953125
  ],
  "train_f1": [
    0.7273999064357055,
    0.9014570245584185,
    0.916576378715533,
    0.9232325482417026,
    0.9355152179947644,
    0.9370836473708558,
    0.9451040040519698,
    0.9530164255749202,
    0.9537502208118717,
    0.9531216424316161
  ],
  "train_loss": [
    0.5371206514288982,
    0.26485870614647866,
    0.22436885128418604,
    0.20357728969305755,
    0.177749729976058,
    0.17404242017616828,
    0.15143349427729846,
    0.13317783092459043,
    0.13552255685130754,
    0.13260088329513867
  ],
  "val_accuracy": [
    0.8875,
    0.9141666666666667,
    0.9175,
    0.9258333333333333,
    0.9325,
    0.935,
    0.9366666666666666,
    0.9358333333333333,
    0.9375,
    0.9366666666666666
  ],
  "val_precision": [
    0.8878483606557378,
    0.9142448889580738,
    0.9175680555555555,
    0.9264273879142301,
    0.9326310484992049,
    0.9356674483830447,
    0.9368267160495201,
    0.9359202284587559,
    0.9382312466571582,
    0.9378744361594403
  ],
  "val_recall": [
    0.8875,
    0.9141666666666667,
    0.9175,
    0.9258333333333333,
    0.9325,
    0.935,
    0.9366666666666666,
    0.9358333333333333,
    0.9375,
    0.9366666666666666
  ],
  "val_f1": [
    0.8874960156000975,
    0.9141543235906339,
    0.9175028073871958,
    0.9257894611845103,
    0.9324871037776813,
    0.9349587920108775,
    0.936652937999598,
    0.9358241059852311,
    0.9374576375463252,
    0.9366018306530058
  ],
  "val_loss": [
    0.294842024382792,
    0.24512078142479846,
    0.23455333121513067,
    0.22695929302196755,
    0.2129298244651995,
    0.18879963683062478,
    0.20270578484786184,
    0.2086209062682955,
    0.20899999033855765,
    0.20852911962490334
  ],
  "val_auc": [
    0.9546063214159706,
    0.9678025620153854,
    0.9716864239854869,
    0.9747729552077922,
    0.9779261621720734,
    0.9798653150012084,
    0.9799736630819195,
    0.9803653830660284,
    0.9801931373992572,
    0.9806848709963301
  ]
}