{
  "metrics": {
    "accuracy": 0.945,
    "precision": 0.9450888888888888,
    "recall": 0.945,
    "f1": 0.9450024445530915,
    "auc": 0.9826538606863442
  },
  "classification_report": "              precision    recall  f1-score   support\n\n        负向评价     0.9383    0.9510    0.9446       592\n        正向评价     0.9517    0.9391    0.9454       608\n\n    accuracy                         0.9450      1200\n   macro avg     0.9450    0.9451    0.9450      1200\nweighted avg     0.9451    0.9450    0.9450      1200\n",
  "confusion_matrix": [
    [
      563,
      29
    ],
    [
      37,
      571
    ]
  ]
}